{
  "session": 129,
  "close": [
    0.9943,
    0.9957,
    0.9958,
    0.9976,
    0.9973,
    0.9931,
    0.9936,
    0.9914,
    0.9872,
    0.9883,
    0.9875,
    0.9881,
    0.9862,
    0.9827,
    0.9827,
    0.9858,
    0.986,
    0.9865,
    0.9807,
    0.9786,
    0.9769,
    0.9776,
    0.9721,
    0.9653,
    0.9637,
    0.9597,
    0.962,
    0.9624,
    0.9591,
    0.9645,
    0.9657,
    0.9608,
    0.955,
    0.9532,
    0.9513,
    0.9532,
    0.9549,
    0.9567,
    0.9597,
    0.9582,
    0.9546,
    0.9565,
    0.959,
    0.959,
    0.955,
    0.9585,
    0.9612,
    0.9622,
    0.9543,
    0.9557,
    0.9591,
    0.9615,
    0.9622,
    0.9627,
    0.9699,
    0.9697,
    0.97,
    0.9722,
    0.9721,
    0.9738,
    0.9764,
    0.9823,
    0.9852,
    0.9844,
    0.9859,
    0.9847,
    0.9945,
    0.9984,
    0.9964,
    0.9979,
    1.0,
    1.0071,
    1.0086,
    1.0071,
    1.0094,
    1.0119,
    1.0108,
    1.0098,
    1.014,
    1.0129,
    1.0095,
    1.0114,
    1.016,
    1.0166,
    1.0174,
    1.0218,
    1.0187,
    1.0189,
    1.0188,
    1.0247,
    1.0242,
    1.0186,
    1.0236,
    1.0206,
    1.0203,
    1.0232,
    1.0221,
    1.0229,
    1.0303,
    1.033
  ],
  "fh_return": -0.038821281303429545,
  "target_return": 0.08088312231871919
}