{
  "v0": {
    "per_fold": [
      2.273011793916025,
      3.128086740291073,
      2.0212906155923673,
      5.5011585700637955,
      2.669763847883315
    ],
    "mean": 3.118662313549315,
    "min": 2.0212906155923673,
    "score": 2.569976464570841
  },
  "v1": {
    "per_fold": [
      2.0536586537730916,
      3.145538906663488,
      1.9398742689273476,
      5.4048914619680675,
      2.4783883977672434
    ],
    "mean": 3.0044703378198476,
    "min": 1.9398742689273476,
    "score": 2.472172303373598
  },
  "v1b": {
    "per_fold": [
      2.2933702594148584,
      3.0327762572699752,
      2.1817604183835533,
      5.4764459286460845,
      2.654270989449395
    ],
    "mean": 3.1277247706327733,
    "min": 2.1817604183835533,
    "score": 2.6547425945081633
  },
  "v1c": {
    "per_fold": [
      2.288141720584058,
      3.028920085756013,
      2.1794277481770417,
      5.47461897371532,
      2.655566429915922
    ],
    "mean": 3.125334991629671,
    "min": 2.1794277481770417,
    "score": 2.652381369903356
  },
  "v2": {
    "per_fold": [
      2.555486952812631,
      3.1396862621256925,
      1.3616343321324589,
      4.768712566755813,
      2.421349906803359
    ],
    "mean": 2.8493740041259907,
    "min": 1.3616343321324589,
    "score": 2.105504168129225
  },
  "v3": {
    "per_fold": [
      2.532140542862766,
      3.233652539632522,
      1.3833455292880403,
      4.811548834939463,
      2.3122691731120617
    ],
    "mean": 2.8545913239669707,
    "min": 1.3833455292880403,
    "score": 2.1189684266275055
  },
  "v4": {
    "per_fold": [
      2.5603207606101446,
      3.059837872583957,
      1.5241657797475736,
      4.861797093586726,
      2.359732832875617
    ],
    "mean": 2.8731708678808037,
    "min": 1.5241657797475736,
    "score": 2.1986683238141884
  },
  "v5": {
    "per_fold": [
      2.2958918162082256,
      3.2484298249503833,
      1.3204684106785944,
      4.775013534669748,
      2.2504887775104465
    ],
    "mean": 2.778058472803479,
    "min": 1.3204684106785944,
    "score": 2.049263441741037
  },
  "v5b": {
    "per_fold": [
      2.5463780624346932,
      3.105346783491877,
      1.5956831689333506,
      4.7797309472804494,
      2.3534456226479943
    ],
    "mean": 2.876116916957673,
    "min": 1.5956831689333506,
    "score": 2.235900042945512
  },
  "v6": {
    "per_fold": [
      2.4537930629903375,
      3.124042284024945,
      1.9385352613676983,
      5.25136489311609,
      2.5736167041707048
    ],
    "mean": 3.068270441133955,
    "min": 1.9385352613676983,
    "score": 2.5034028512508266
  }
}